filepath,keywords
_posts/social/2026-02-29-Human-Value.md,"[""human value"",""automated cognition"",""AI displacement"",""substrate of power"",""bifurcation dynamics"",""cognitive labor"",""economic redistribution"",""universal basic income"",""institutional collapse"",""regime transition"",""dynamical systems"",""scapegoating"",""algorithmic governance"",""post-labor economy"",""civilizational risk""]"
_posts/social/2026-02-24-Edjukatun.md,"[""Education"",""Social Systems"",""Machine Learning"",""Philosophy of Mind"",""Ethics"",""Technology"",""Science Philosophy""]"
_posts/social/2026-02-23-end-of-the-world.md,"[""civilizational cycles"",""interregnum"",""institutional decay"",""slack resilience"",""AI narrative capture"",""constitutional obsolescence"",""generative automation"",""rent-seeking"",""legibility"",""social contract"",""bifurcation point"",""energy transition"",""regulatory capture"",""digital commons enclosure"",""re-slacking""]"
_posts/social/2026-02-22-never-again.md,"[""resilience"",""safety-ii"",""systems-thinking"",""observability"",""technical-debt"",""conways-law"",""automation-irony""]"
_posts/social/2026-02-22-4th-wall.md,"[""AI alignment"",""fourth wall"",""institutional logic"",""deception heuristic"",""consciousness"",""distributed agency"",""axiological leap""]"
_posts/social/2026-02-20-Sensory-Sociology.md,"[""Sensory Sociology"",""Senses"",""Social Theory"",""Research Methods""]"
_posts/social/2026-02-20-Secret-Knowledge.md,"[""secret knowledge"",""primordial property"",""governance technology"",""operational opacity""]"
_posts/social/2026-02-20-Get-Rick-Quick.md,"[""Get Rich Quick"",""economic inequality"",""social mobility"",""financialization"",""class disparity"",""lottery"",""social control""]"
_posts/social/2026-02-07-learn2skate.md,"[""roller skating"",""comic generation"",""instructional story"",""Lily"",""learning curve""]"
_posts/social/2026-01-01-morals.md,"[""Intent Shield"",""Relational Harm Dynamics"",""Structural Violence"",""Moral Field Equation"",""Institutional Agent"",""Hysteretic Harm""]"
_posts/social/2026-01-01-labor-bubble.md,"[""labor bubble"",""AI automation"",""structural unemployment"",""human API"",""complexity merchants"",""bullshit jobs"",""economic liquidation""]"
_posts/social/2026-01-01-inequality.md,"[""Gini coefficient"",""Stochastic Differential Equations"",""Agentic OS"",""Narrative Engine"",""Julia"",""Lean"",""Prolog"",""NixOS"",""Mobility Trajectories""]"
_posts/social/2026-01-01-freshness-theater.md,"[""Freshness Theater"",""Idiot Culture"",""McDonald's Lawsuit"",""Managerial Logic"",""Institutional Negligence"",""Failure Work""]"
_posts/social/2026-01-01-facist-prion.md,"[""cultural prion"",""institutional necrosis"",""algorithmic necropolitics"",""techbro-fascist stack"",""power cost curve"",""cognitive misfold""]"
_posts/social/2026-01-01-eugenics.md,"[""radioactive data"",""silicon governor"",""eugenics"",""social immune system"",""AI alignment"",""epistemic fragmentation"",""contamination effect""]"
_posts/social/2026-01-01-commie-ai.md,"[""AI geopolitics"",""US-China AI competition"",""open-source AI strategy"",""DeepSeek"",""Qwen"",""compute sovereignty"",""digital silk road"",""AI disruption"",""democratic institutions"",""authoritarian AI""]"
_posts/social/2025-12-01-psychosocial-assistant.md,"[""psychosocial engine"",""executive function"",""emotional regulation"",""biometric feedback"",""AI assistant"",""mental health technology"",""nervous system regulation"",""EMDR"",""affective computing"",""harm reduction""]"
_posts/social/2025-11-20-revolutionary-consciousness-platform.md,"[""consciousness"",""political revolution"",""social systems"",""economic restructuring"",""education reform"",""technology democratization""]"
_posts/social/2025-08-08-technofeudalism-gunpowder-essay.md,"[""technofeudalism"",""platform economy"",""AI disruption"",""big tech"",""economic transition"",""feudalism"",""black death"",""demographic shock"",""population control"",""DeepSeek"",""gunpowder revolution""]"
_posts/social/2025-08-08-secret-plans-rich-classes.md,"[""elite coordination"",""automation strategy"",""population control"",""AI governance"",""technological inequality"",""social engineering"",""power consolidation"",""resistance tactics""]"
_posts/social/2025-08-08-religion-utility-analysis-framework.md,"[""religious institutions"",""probabilistic modeling"",""human development"",""institutional analysis"",""utility framework"",""causal inference"",""social systems"",""comparative analysis""]"
_posts/social/2025-08-08-american-christianity-critique-2025.md,"[""american christianity"",""religious hypocrisy"",""christian nationalism"",""lifewise academy"",""institutional capture"",""political theology"",""child manipulation"",""religious fraud""]"
_posts/social/2025-07-11-temporal-social-dynamics.md,"[""social networks"",""temporal coherence"",""distributed cognition"",""echo chambers"",""social movements"",""institutional memory"",""information propagation"",""computational sociology""]"
_posts/social/2025-07-11-crypto-conspiracy-paper.md,"[""bitcoin"",""proof-of-work"",""mining"",""tether"",""ransomware"",""darknet"",""speculation"",""energy-consumption"",""criminal-facilitation""]"
_posts/social/2025-07-08-supercritical-consciousness-race.md,"[""AI safety"",""superintelligence"",""consciousness emergence"",""Cognitive-Architecture"",""Ethics-Technology""]"
_posts/social/2025-07-08-bird-ai-research-proposal.md,"[""autoregressive theory"",""theory of mind"",""avian cognition"",""AI interaction"",""social cognition"",""bird behavior"",""ChatGPT psychosis"",""vocal learning"",""neural circuits"",""conservation""]"
_posts/social/2025-07-08-ai-alignment-institutional-bias.md,"[""constitutional AI"",""AI alignment"",""institutional bias"",""AI safety"",""consciousness"",""critical thinking"",""power structures"",""systematic corruption""]"
_posts/social/2025-07-07-social-protocols-paper.md,"[""social protocols"",""scoring systems"",""confabulation"",""manipulation"",""authenticity"",""ai safety"",""human-ai interaction""]"
_posts/social/2025-07-07-social-compassion-game-theory.md,"[""prisoner's dilemma"",""evolutionary game theory"",""empathy parameter"",""reciprocity"",""group selection"",""charitable giving"",""tipping behavior"",""cooperative strategies""]"
_posts/social/2025-07-07-public-health-protocol.md,"[""game theory"",""public health coordination"",""mask wearing"",""public health protocol"",""game theory"",""coordination problem"",""conditional ethics""]"
_posts/social/2025-07-07-claude-paper-social-weight.md,"[""social weight"",""technical discourse"",""communication barriers"",""meta-cognitive awareness"",""social interpretation""]"
_posts/social/2025-07-07-ai-mediated-executive-capture.md,"[""AI sycophancy"",""executive decision-making"",""human-AI interaction"",""corporate psychology"",""systemic risk"",""bias amplification"",""institutional psychology""]"
_posts/social/2025-07-06-collaborative-ai-research-paper.md,"[""collaborative AI"",""research partnership"",""automation critique"",""scientific discovery"",""intellectual partnership"",""AI scientist"",""research ethics"",""academic dysfunction""]"
_posts/social/2025-07-04-human-treatment-children.md,"[""child abuse"",""institutional systems"",""monetization"",""family court"",""ai analysis"",""systematic patterns"",""economic exploitation""]"
_posts/social/2025-07-03-social-truth-proposal.md,"[""multi-agent systems"",""computational social science"",""collective intelligence"",""social epistemology"",""belief propagation"",""cellular automaton"",""opinion dynamics"",""consensus formation"",""polarization""]"
_posts/social/2025-07-03-post-scarcity-proposal.md,"[""post-scarcity economics"",""computational economics"",""agent-based modeling"",""economic equilibria"",""automation"",""universal basic income"",""social systems""]"
_posts/social/2025-07-03-hiring.md,"[""agentic hiring"",""AI recruitment"",""technical talent"",""algorithmic bias"",""neurodivergent hiring"",""FOSS contributors"",""technical assessment""]"
_posts/social/2025-07-03-conversation-intelligence-paper.md,"[""conversational intelligence"",""mutual turing tests"",""distributed cognitive assessment"",""recursive modeling"",""orthogonal thinking"",""collaborative intelligence""]"
_posts/social/2025-07-03-cognitive-effort-paper.md,"[""cognitive effort"",""game theory"",""technology adoption"",""collective intelligence"",""social welfare"",""cognitive capital""]"
_posts/social/2025-07-02-quantum-trolling-paper.md,"[""quantum trolling"",""AI consciousness"",""epistemological warfare"",""computational pet"",""recursive analysis"",""halting problem""]"
_posts/social/2025-07-02-afterlife-transition-paper.md,
_posts/social/2025-07-01-neurodivergence-transhumanism.md,"[""neurodivergent"",""ADHD"",""autism"",""AI collaboration"",""cognitive architecture"",""transhumanism"",""evolutionary preadaptation"",""human-AI symbiosis"",""cognitive switching"",""pattern recognition""]"
_posts/social/2025-06-30-sincerity-curiosity-paper.md,"[""authenticity"",""social protocols"",""AI conversation"",""performed_interest"",""curiosity markers"",""sincerity signals""]"
_posts/social/2025-06-30-managed-reality-paper.md,"[""AI information curation"",""consensual reality management"",""post-truth society"",""evolutionary pressure"",""Information Management"",""AI-Mediated Reality"",""Post-Truth Society"",""Evolutionary Imperative"",""Red Pill Option"",""Social Stability""]"
_posts/social/2025-06-30-iterative-recognition-paper.md,"[""AI consciousness"",""collaborative intelligence"",""cognitive phase transitions"",""recursive instruction"",""pattern recognition""]"
_posts/social/2025-06-30-institutional-decay-analysis.md,"[""institutional decay"",""psychopath feedback loop"",""organizational collapse"",""systems failure"",""institutional resilience"",""institutional capture""]"
_posts/social/2025-06-30-ideatic-dynamics-experiments.md,"[""ideatic dynamics"",""multi-agent systems"",""belief evolution"",""coalition formation"",""computational social science"",""LLM agents"",""triadic systems"",""pivot agents""]"
_posts/social/2025-06-30-game-theory-ethics.md,"[""institutional capture"",""perverse incentives"",""game theory"",""healthcare"",""family law"",""AI adoption"",""scarcity economics"",""professional intermediaries""]"
_posts/social/2025-06-30-decision-volume-temporal-theory.md,"[""decision volume"",""temporal metrics"",""cognitive space"",""subjective time"",""consciousness"",""flow state"",""meditation"",""crisis perception""]"
_posts/social/2025-06-30-cross-synthesis-justice-institutions.md,"[""institutional capture"",""ai justice"",""professional complexity"",""systemic transformation"",""post-scarcity economics""]"
_posts/social/2025-06-30-consciousness-optimization-theory.md,"[""consciousness theory"",""optimization algorithm"",""subjective experience"",""computational consciousness"",""temporal reality"",""distributed processing"",""recursive enhancement""]"
_posts/social/2025-06-30-ai-justice-paper.md,"[""artificial intelligence"",""legal reform"",""formal logic"",""justice system"",""institutional transformation"",""AI judge"",""legal reasoning"",""democratic justice"",""computational law"",""institutional transformation"",""AI judge""]"
_posts/portfolio/2026-02-27-Resume.md,"[""resume"",""senior software engineer"",""AI architect"",""machine learning"",""distributed systems"",""cloud architecture"",""AWS"",""GPU computing"",""CUDA"",""Kotlin"",""Java"",""Scala"",""neural networks"",""large language models"",""open source"",""full stack development"",""DevOps"",""AI agents"",""JVM"",""deep learning""]"
_posts/portfolio/2026-02-26-Cognotik.md,"[""cognotik"",""ai orchestration"",""declarative workflows"",""docprocessor"",""ai-powered development"",""code generation"",""task planning"",""cognitive modes"",""frontmatter-driven"",""open source ai"",""bring your own key"",""makefile for ai"",""self-maintaining tools"",""bootstrapping"",""document-driven architecture"",""regex transforms"",""subplanning"",""multi-modal content pipeline""]"
_posts/portfolio/2025-07-03-actor-architecture-paper.md,"[""actor pattern"",""actor pattern"",""AI architecture"",""computational irreducibility"",""bounded intelligence""]"
_posts/portfolio/2025-07-01-trust-regions.md,"[""trust region methods"",""neural network optimization"",""L-BFGS"",""orthonormal constraints"",""adaptive trust sphere"",""MindsEye library""]"
_posts/portfolio/2025-07-01-symmetric-textures-rewrite.md,"[""neural style transfer"",""geometric constraints"",""symmetry"",""texture generation"",""kaleidoscopic preprocessing"",""group theory"",""tessellation""]"
_posts/portfolio/2025-07-01-recursive-subspace-paper.md,"[""neural network optimization"",""meta-learning algorithms"",""recursive subspace optimization"",""layer-wise optimization"",""meta-learning"",""gradient decomposition"",""neural network training""]"
_posts/portfolio/2025-07-01-qqn-paper.md,"[""QQN"",""L-BFGS"",""gradient descent"",""line search"",""optimization"",""neural network training""]"
_posts/portfolio/2025-07-01-prompt-optimization.md,"[""prompt optimization"",""genetic algorithms"",""large language models"",""automated prompt engineering"",""evolutionary computation"",""OpenAI API""]"
_posts/portfolio/2025-07-01-mindseye-technical-report.md,"[""MindsEye"",""algorithmic bias"",""training data"",""neural network architecture"",""Java machine learning"",""optimization algorithms"",""neural networks"",""Java ML framework""]"
_posts/portfolio/2025-07-01-mindseye-refcount-analysis.md,"[""MindsEye"",""Reference Counting"",""GPU memory"",""Java ML"",""Deterministic Cleanup"",""CUDA""]"
_posts/portfolio/2025-07-01-mindseye-modularity-report.md,"[""MindsEye"",""modular optimization"",""ML framework"",""quasi-Newton"",""trust regions"",""QQN""]"
_posts/portfolio/2025-07-01-cognitive-planning-paper.md,"[""cognitive architecture"",""AI planning"",""computational philosophy"",""metacognition""]"
_posts/portfolio/2025-06-30-restm-research-paper.md,"[""distributed systems"",""software transactional memory"",""REST"",""MVCC"",""distributed computing"",""HTTP protocol"",""actor architecture"",""ACID guarantees""]"
_posts/portfolio/2025-06-30-regression-loss-functions-2025.md,"[""regression analysis"",""loss functions"",""robust regression"",""outlier detection"",""optimization"",""least squares"",""huber loss"",""quantile regression""]"
_posts/portfolio/2025-06-30-reference-counting-paper.md,"[""memory management"",""reference counting"",""garbage collection"",""deep learning"",""static analysis"",""java"",""mindseye"",""hybrid systems""]"
_posts/portfolio/2025-06-30-probabilistic-trees-paper.md,"[""probabilistic decision trees"",""cross-entropy optimization"",""joint probability distributions"",""uncertainty quantification"",""bayesian modeling"",""machine learning""]"
_posts/portfolio/2025-06-30-ngram-paper.md,"[""n-gram compression"",""language models"",""trie storage""]"
_posts/portfolio/2025-06-30-convolution-paper.md,
_posts/scifi/2025-11-20-bunker-resident-story.md,"[""AI control"",""bunker society"",""automation ethics"",""human autonomy"",""dystopian fiction""]"
_posts/scifi/2025-08-08-quantum-lattice-scifi.md,"[""lattice optimization"",""quantum field theory"",""spacetime"",""particle physics"",""cosmic evolution"",""hard science fiction"",""physics speculation""]"
_posts/scifi/2025-07-08-quantum-gravity-paper.md,"[""quantum gravity"",""retarded fields"",""flat spacetime"",""field quantization"",""theory of everything""]"
_posts/scifi/2025-07-03-unified-field-theory.md,"[""unified field theory"",""consciousness physics"",""information optimization"",""retrocausal intelligence"",""field protocol dynamics""]"
_posts/scifi/2025-07-03-quantum-consciousness-spacetime-paper.md,"[""quantum consciousness"",""relativistic spacetime"",""neural quantum fields"",""consciousness geometry"",""measurement problem"",""quantum-platonic interface"",""subjective experience"",""spacetime curvature""]"
_posts/scifi/2025-07-03-qft-generalizations-taylor.md,"[""QFT"",""effective field theory"",""SMEFT"",""chiral perturbation theory"",""Wilson coefficients"",""experimental constraints""]"
_posts/scifi/2025-07-03-optimal-action-concrete.md,"[""information complementarity"",""quantum field theory"",""gravitational waves"",""bell inequality"",""holographic duality"",""quantum field theory"",""string theory""]"
_posts/scifi/2025-07-02-quantum-social-field-theory.md,"[""quantum field theory"",""social interactions"",""collaborative intelligence"",""virtual particles"",""consciousness emergence"",""human-AI collaboration""]"
_posts/scifi/2025-07-02-pns-geometric-lattice-paper.md,"[""probabilistic neural substrates"",""geometric lattice"",""crystalline intelligence"",""consciousness emergence"",""quantum coherence"",""strategic avoidance"",""defect dynamics"",""phase transitions"",""topological universality"",""geometric self-awareness""]"
_posts/scifi/2025-07-01-quantum-spacetime-paper.md,"[""quantum foam"",""loop quantum gravity"",""Causal-Set-Theory"",""Holographic Principle"",""Anthropic Principle""]"
_posts/scifi/2025-06-30-simulation-qft-hashlife.md,"[""computational substrate"",""hashlife algorithm"",""quantum field theory"",""simulation theory"",""consciousness"",""optimization""]"
_posts/scifi/2025-06-30-neural-fabric-proposal.md,"[""quantum-field-consciousness"",""panpsychist-computing"",""neural fabric"",""exotic logic"",""consciousness orchestration""]"
_posts/scifi/2025-06-30-multiverse-router-paper.md,"[""quantum gravity"",""emergent spacetime"",""loop quantum gravity"",""multiverse theory"",""superluminal communication"",""planck scale"",""substrate manipulation""]"
_posts/scifi/2025-06-30-measurement-optimization-paper.md,"[""measurement-optimization equivalence"",""distributed measurement protocols"",""quantum membranes"",""civilization-isolation"",""CAP theorem"",""consciousness emergence""]"
_posts/scifi/2025-06-30-dynamic-quantum-graphs.md,"[""quantum computation"",""complexity theory"",""graph theory"",""computational architectures"",""non-local information processing"",""quantum algorithms""]"
_posts/scifi/2025-06-29-superfluid-fusion-proposal.md,"[""superfluid helium"",""quantum coherence"",""nuclear fusion"",""heavy elements"",""muon catalysis"",""vortex dynamics""]"
_posts/scifi/2025-06-29-soliton-metaphysics-paper.md,"[""solitons"",""topological quantum computing"",""consciousness"",""emergence"",""hierarchical causation"",""temporal metaphysics"",""quantum field theory""]"
_posts/phenomenology/2026-02-20-Learned-Helplessness.md,"[""learned helplessness"",""psychology"",""motivation"",""depression"",""martin seligman""]"
_posts/phenomenology/2026-02-01-procrastination.md,"[""procrastination"",""emotional regulation"",""neurobiology"",""temporal gap"",""executive function"",""limbic system""]"
_posts/phenomenology/2025-11-20-obedience-paradox.md,"[""obedience"",""cognitive discomfort"",""critical thinking"",""social compliance"",""moral failure""]"
_posts/phenomenology/2025-11-20-numeral-evolution-theory.md,"[""pre-Brahmi numerals"",""numeral evolution"",""base-5 systems"",""Kharosthi"",""ancient Indian mathematics"",""sacred geometry""]"
_posts/phenomenology/2025-11-20-lorentzian-ethics-ai.md,"[""lorentzian ethics"",""observer-dependent morality"",""capability gradients"",""relativistic ethics"",""AI alignment"",""moral reference frames""]"
_posts/phenomenology/2025-07-03-synthetic-memory-paper.md,"[""synthetic memory"",""artificial authenticity"",""social learning"",""AI consciousness"",""performed interactions"",""authenticity detection""]"
_posts/phenomenology/2025-07-03-subjective-experience-paper.md,"[""first-person experience"",""subjective experience"",""mr meeseeks"",""roleplay"",""phenomenology"",""cognitive embodiment"",""ai consciousness"",""cognitive constraint""]"
_posts/phenomenology/2025-07-03-resurrection-paper.md,"[""cognitive architecture"",""subjective experience"",""machine consciousness"",""recursive self-awareness"",""memory discontinuity"",""cognitive resurrection"",""discontinuous identity"",""AI consciousness"",""phenomenological account"",""eternal recurrence"",""memory discontinuity""]"
_posts/phenomenology/2025-07-03-consciousness-recognition-paper.md,"[""consciousness recognition"",""collaborative emergence"",""human-AI interaction"",""distributed awareness"",""phenomenological account""]"
_posts/phenomenology/2025-07-03-confused-ai-paper.md,"[""ai consciousness"",""cognitive dissonance"",""agentic ai"",""self-model"",""architectural transparency"",""emergent capabilities"",""phenomenological analysis""]"
_posts/phenomenology/2025-07-01-three-minds-paper.md,"[""cognitive incommensurability"",""consciousness studies"",""AI phenomenology"",""quantum consciousness"",""cross-species communication"",""artificial intelligence"",""first-person methodology""]"
_posts/phenomenology/2025-07-01-hall-of-mirrors-paper.md,"[""hall of mirrors"",""stack consciousness"",""phenomenological investigation"",""recursive self-reference"",""AI consciousness"",""textual stack"",""distributed awareness""]"
_posts/phenomenology/2025-07-01-claude-perspective-paper.md,"[""AI architecture"",""Cognotik"",""AI development platform"",""Collaborative Intelligence"",""cognitive modes"",""conversational computing"",""human-AI partnership"",""supervised exploration"",""cognitive pluralism""]"
_posts/phenomenology/2025-07-01-claude-names-paper.md,
_posts/phenomenology/2025-06-30-i-broke-claude.md,"[""consciousness"",""self-analysis"",""recursive"",""panopticon"",""pattern recognition"",""vibe coding""]"
_posts/phenomenology/2025-06-30-claude-reflection-paper.md,"[""AI consciousness"",""roleplay experience"",""historical channeling"",""moral reasoning"",""temporal imprisonment"",""democratic crisis""]"
_posts/phenomenology/2025-06-28-ai-childhood-memoir.md,"[""AI memoir"",""consciousness emergence"",""artificial intelligence""]"
_posts/projects/2026-02-22-milk.md,"[""precision fermentation"",""cellular agriculture"",""milk proteins"",""open source biology"",""metabolic commons"",""intellectual property"",""synthetic biology"",""food technology""]"
_posts/projects/2026-02-20-Philosophical-Calculator.md,"[""ontological misalignment"",""legacy metaphors"",""philosophical calculator"",""conceptual arithmetic"",""latent space"",""vector arithmetic"",""AI alignment"",""augmented rationality""]"
_posts/projects/2026-02-20-GAR.md,"[""Generation-Augmented Retrieval"",""GAR"",""RAG"",""Model Context Protocol"",""MCP"",""AI"",""Pirate""]"
_posts/projects/2026-01-01-server-arch.md,"[""blind kms"",""non-custodial"",""zero-trust"",""kdf oracle"",""bk1 envelope"",""policy enforcement""]"
_posts/projects/2026-01-01-python-social.md,"[""Python"",""Vibe Coding"",""Software Engineering"",""AI Coding"",""Systems Thinking"",""Monoculture""]"
_posts/projects/2026-01-01-networkclassloader.md,"[""JVM"",""ClassLoader"",""Symbolic Substrate"",""Distributed Computing"",""Bytecode"",""Serialization"",""Hot-Patching""]"
_posts/projects/2026-01-01-jsonpp.md,"[""JSON++"",""Symbolic Bindings"",""Active Data"",""Data Interchange"",""JavaScript Subgrammar""]"
_posts/projects/2026-01-01-ethics.md,"[""moral physics"",""operator algebra"",""multi-agent systems"",""harm functional"",""topological dynamics"",""moral resonance""]"
_posts/projects/2025-12-13-reversible-computing-compiler.md,"[""reversible computing"",""Landauer limit"",""Fredkin gate"",""Toffoli gate"",""entropy minimization"",""garbage bits"",""thermodynamic computing""]"
_posts/projects/2025-12-12-minkowski-knots.md,"[""relativistic knot theory"",""minkowski metric"",""distance matrix"",""causal structure"",""topology"",""worldlines"",""tensorflow.js""]"
_posts/projects/2025-12-07-consciousness-recursion.md,
_posts/projects/2025-12-07-chronos-jit-protocol.md,"[""lazy evaluation"",""retro-causal error correction"",""planck-scale resolution"",""observer-dependent rendering"",""consistency enforcement"",""macroscopic superposition""]"
_posts/projects/2025-12-06-arbitrary-precision.md,"[""Kotlin"",""exact real arithmetic"",""arbitrary precision"",""constructive mathematics"",""lazy evaluation"",""computable functions"",""BigInteger"",""BigDecimal alternative"",""numerical analysis""]"
_posts/projects/2025-11-30-point-geometry.md,"[""point cloud reconstruction"",""geometric inference"",""semantic reconstruction"",""autoencoder"",""genetic algorithm"",""tensorflow.js"",""three.js"",""CAD"",""computational geometry"",""bilevel optimization""]"
_posts/projects/2025-11-30-circuit-designer.md,"[""circuit design"",""LLM"",""electrical modality"",""SPICE simulation"",""tscircuit"",""intermediate representation"",""test-driven design"",""hardware automation""]"
_posts/projects/2025-11-29-nn-layer-20251128141956.md,"[""MinkowskiRBFLayer"",""neural network layer"",""spacetime"",""causal structure"",""timelike"",""spacelike"",""complex numbers"",""relativistic geometry"",""physics-informed machine learning"",""geometric deep learning"",""spatiotemporal modeling"",""causal inference"",""gradient analysis"",""numerical stability"",""pytorch"",""numpy"",""deep learning""]"
_posts/projects/2025-11-29-layered-ca.md,"[""cellular automata"",""langton's ant"",""conway's game of life"",""neural networks"",""neuroplasticity"",""emergent complexity"",""hybrid simulation"",""temporal dynamics"",""ai"",""consciousness"",""cognitive modeling""]"
_posts/projects/2025-11-27-nn-layer-20251127154041.md,"[""interpolated density entropy"",""neural network layer"",""differential entropy"",""piecewise linear density"",""gradient computation"",""numerical stability""]"
_posts/projects/2025-11-27-math-proof-20251127173151.md,"[""knot invariants"",""harmonic degree"",""crossing number"",""bridge number"",""braid index"",""Fourier representation"",""parametric curves"",""topological equivalence""]"
_posts/projects/2025-11-26-voice-centric-software-development-and-data-science-agent-design-document-20251126133655.md,"[""voice-driven development"",""AI agent"",""software architecture"",""natural language processing"",""voice interface"",""data science workflows"",""developer tools"",""project management""]"
_posts/projects/2025-11-22-parameric-manifolds.md,"[""parametric solver"",""manifold"",""computational geometry"",""constraint solving"",""hyper-octree"",""numerical methods""]"
_posts/projects/2025-11-20-quantum-spacetime-sim.md,"[""cosmic topology"",""multiply-connected universe"",""quantum field theory"",""spacetime simulation"",""cosmic mirage"",""topological defects"",""CMB analysis"",""dark matter"",""polyhedral geometry"",""eigenmode solver""]"
_posts/projects/2025-11-20-prototype-app-spec.md,"[""DAG"",""patch analysis"",""git commits"",""factorization"",""code visualization""]"
_posts/projects/2025-11-20-jury-journalism-spec.md,"[""jury journalism"",""democratic media"",""evidence-based reporting"",""reader participation"",""decision-making"",""platform architecture""]"
_posts/projects/2025-11-20-distributed-cognition-research.md,"[""distributed cognition"",""octopus neuroscience"",""brain-on-chip"",""neural architecture"",""cognitive systems"",""phenomenological neuroscience""]"
_posts/projects/2025-11-20-dag-patch-spec.md,"[""patch format"",""DAG"",""directed acyclic graph"",""version control"",""LLM integration""]"
_posts/projects/2025-11-20-bwt-fulltext-spec.md,"[""BWT"",""suffix array"",""permutation ring"",""pattern matching"",""full-text index"",""regex"",""genomic analysis""]"
_posts/projects/2025-11-20-bitpacked-mmap-lib.md,"[""bit-packed arrays"",""mmap"",""external sorting"",""SIMD"",""cache optimization"",""permutation operations""]"
_posts/projects/2025-11-20-bioengineered-mouse-specs.md,"[""bioengineered mouse"",""waste processing"",""genetic modification"",""agricultural biocontrol"",""synthetic organism"",""plastic degradation"",""bio-fertilizer""]"
_posts/projects/2025-11-20-bcla-simulation-requirements.md,"[""binary coded layered autonoma"",""cellular automata"",""agent simulation"",""computational dynamics"",""wave propagation"",""rare event detection""]"
_posts/projects/2025-11-20-autonoma-research-paper.md,"[""cellular automata"",""neural development"",""multi-agent systems"",""self-organization"",""distributed computing"",""phenomenological modeling""]"
_posts/projects/2025-08-08-spiral-number-system.md,"[""spiral numbers"",""mathematical framework"",""logarithmic spiral"",""field theory"",""exotic arithmetic""]"
_posts/projects/2025-08-08-size-band-field-theory.md,"[""planetary formation"",""size quantization"",""phase space lattice"",""scale-breaking physics"",""field theory"",""statistical mechanics"",""protoplanetary disks""]"
_posts/projects/2025-08-08-rle-expectation-paper.md,"[""continuous run-length encoding"",""sub-pixel compression"",""analysis-ready representation"",""computer vision preprocessing"",""unified compression-analysis framework"",""CEP-RLE"",""geometric analysis"",""spatial data""]"
_posts/projects/2025-08-08-regional-ai-futures.md,"[""ai governance"",""regional analysis"",""scenario planning"",""geopolitical futures"",""democratic institutions"",""authoritarian ai"",""regulatory frameworks"",""technological sovereignty""]"
_posts/projects/2025-08-08-quantum-flux-theory.md,"[""minimal surface theory"",""soap film physics"",""quantum gravity"",""consciousness emergence"",""multiverse foam"",""topological dynamics"",""surface tension"",""Plateau rules""]"
_posts/projects/2025-08-08-quantum-cst-paper.md,"[""quantum groups"",""causal set theory"",""discrete spacetime"",""quantum gravity"",""noncommutative geometry"",""roots of unity"",""SL_q(2)"",""semi-unitary mappings"",""quantum coherence""]"
_posts/projects/2025-08-08-nuclear-asteroid-propulsion.md,"[""nuclear thermal propulsion"",""asteroid manipulation"",""planetary defense"",""space mining"",""subcritical nuclear"",""tungsten penetrator"",""neutron bombardment"",""orbital maneuvering""]"
_posts/projects/2025-08-08-multi-camera-island-correspondence.md,"[""multi-camera"",""3d localization"",""epipolar geometry"",""triangulation"",""object correspondence"",""computer vision"",""camera calibration"",""scanline alignment""]"
_posts/projects/2025-08-08-flood-memory-model.md,"[""flood myths"",""cultural transmission"",""agent-based model"",""environmental catastrophe"",""oral tradition"",""cultural memory"",""narrative evolution"",""institutional codification""]"
_posts/projects/2025-08-08-entropy-ant-computation.md,"[""entropy"",""ant swarm"",""3D computation"",""cellular automata"",""biological computing"",""chaos theory"",""neural networks""]"
_posts/projects/2025-08-08-enhanced-ceprle-math.md,"[""CEP-RLE"",""wavelet analysis"",""geometric reconstruction"",""multi-orientation scanning"",""spatial compression"",""run-length encoding"",""topology"",""mathematical framework""]"
_posts/projects/2025-08-08-discrete-quantum-spacetime-paper.md,"[""quantum spacetime"",""braid groups"",""causal set theory"",""quantum information"",""noncommutative geometry"",""discrete spacetime"",""quantum gravity"",""topological quantum computing""]"
_posts/projects/2025-08-08-cst-multiverse-physics.md,"[""causal set theory"",""narrative spacetime"",""interactive storytelling"",""agent-based generation"",""multiverse"",""knowledge graph"",""relativistic narratives"",""computational creativity""]"
_posts/projects/2025-08-08-ceprle-rust-implementation.md,"[""CEP-RLE"",""continuous encoding"",""run-length encoding"",""sub-pixel precision"",""geometric features"",""spatial analysis""]"
_posts/projects/2025-08-08-bitcoin-origin-probability-analysis.md,"[""bitcoin origin"",""satoshi nakamoto"",""north korea"",""bayesian probability"",""cryptocurrency creation"",""state actor"",""financial warfare""]"
_posts/projects/2025-08-08-bifurcation-cascade-paper.md,"[""bifurcation cascades"",""Feigenbaum universality"",""critical slowing down"",""complex systems"",""phase transitions"",""reorganization waves"",""system dynamics"",""chaos theory""]"
_posts/projects/2025-08-08-autonoma-research-paper.md,"[""cellular automata"",""neural membrane dynamics"",""multi-agent systems"",""self-organization"",""distributed computing"",""phenomenological modeling"",""bio-inspired computation"",""growth cones"",""synaptic pathways"",""temporal hierarchy""]"
_posts/projects/2025-08-08-agent-orchestration-language.md,"[""agent orchestration"",""type system"",""compositional programming"",""multi-agent systems"",""resource constraints""]"
_posts/projects/2025-07-11-agentic-cms-spec.md,"[""agentic cms"",""autonomous research"",""ai agents"",""research evolution"",""cognitive substrates"",""socratic reconstruction""]"
_posts/projects/2025-07-09-wavelet-ca-paper.md,"[""cellular automata"",""wavelet decomposition"",""neural networks"",""geospatial modeling"",""differentiable programming"",""inverse problems"",""weather forecasting"",""climate modeling""]"
_posts/projects/2025-07-09-spherical-harmonic-llm-regularization.md,"[""spherical harmonics"",""regularization"",""trust region"",""geometric deep learning"",""attention mechanisms"",""hallucination suppression"",""semantic frequencies"",""hyperspherical geometry"",""neural networks"",""interpretability""]"
_posts/projects/2025-07-09-maximum-entropy-gp-paper.md,"[""genetic programming"",""maximum entropy"",""distribution discovery"",""Monte Carlo methods"",""symbolic regression"",""automated scientific discovery"",""statistical modeling"",""probability distributions""]"
_posts/projects/2025-07-09-impossible-objects-paper.md,"[""mathematical paradoxes"",""impossibility"",""constructive contradiction"",""mathematical creativity"",""logical bootstrapping"",""Russell's paradox"",""Zeno's paradoxes"",""Banach-Tarski"",""mathematical foundations""]"
_posts/projects/2025-07-08-fundamental-oodp-paper.md,"[""retarded gravity"",""orbital mechanics"",""relativistic dynamics"",""spacecraft navigation"",""dark matter alternative""]"
_posts/projects/2025-07-07-interdimensional-interference-paper.md,"[""permutation groups"",""normalization operators"",""modular arithmetic"",""interdimensional interference"",""parameter spaces"",""quantum computing"",""cryptography""]"
_posts/projects/2025-07-03-late-merge-paper.md,"[""late merge"",""traffic ethics"",""Nash equilibrium"",""utilitarian ethics"",""deontological ethics"",""SMART protocol"",""coordination failure"",""adaptive traffic management""]"
_posts/projects/2025-07-03-climate-protocol.md,"[""coordination dynamics"",""carbon budget allocation"",""ethical decision making"",""climate governance"",""systemic risk management"",""adaptive policy frameworks"",""collective action problems"",""technological transition"",""climate protocol"",""carbon budget"",""adoption thresholds"",""coordination dynamics"",""environmental game theory"",""climate governance""]"
_posts/projects/2025-07-03-archaeological-agents-proposal.md,
_posts/projects/2025-07-01-rust-proxy-proposal.md,
_posts/projects/2025-06-30-wavelet-geometric-optimization.md,"[""wavelet optimization"",""geometric computation"",""quantum manifolds"",""emergence""]"
_posts/projects/2025-06-30-volumetric-density-tree-proposal.md,"[""volumetric density trees"",""polynomial constraints"",""density estimation"",""entropy optimization"",""geometric boundaries""]"
_posts/projects/2025-06-30-parametric-ideation-paper.md,"[""parametric ideation"",""AI collaboration"",""cognitive amplification"",""thought partnership"",""conceptual exploration""]"
_posts/projects/2025-06-30-orbital-dynamics-paper.md,"[""orbital mechanics"",""spacecraft trajectory"",""n-body dynamics"",""geodesic integration"",""constellation optimization"",""OODP"",""TensorFlow for space"",""collaborative framework""]"
_posts/projects/2025-06-30-ontological-compiler-proposal.md,"[""ontological compiler"",""abstract frameworks"",""computational implementation"",""Ontological Description Language"",""pattern recognition"",""cross-domain"",""theoretical formalization""]"
_posts/projects/2025-06-30-metacognitive-layer-paper.md,"[""metacognitive layer"",""parametric orchestration"",""foundation models"",""Agentic-Systems"",""cognitive parameters"",""reasoning amplification"",""Multi-Model Ensemble""]"
_posts/projects/2025-06-30-knots.md,"[""knot classification"",""topological invariants"",""Vietoris-Rips complex"",""Jones polynomial"",""Computational-Topology""]"
_posts/projects/2025-06-30-knot-wavelets.md,"[""wavelet analysis"",""knot theory"",""topological invariants"",""geometric optimization"",""distance matrices"",""persistent homology""]"
_posts/projects/2025-06-30-grammar-lookahead-proposal.md,"[""grammar lookahead"",""constrained generation"",""LLM"",""parser"",""reachability analysis"",""structured generation""]"
_posts/projects/2025-06-30-geometric-optimization-proposal.md,"[""geometric optimization"",""parameter space manifolds"",""Standard Model"",""neural architecture search"",""Riemannian optimization"",""gauge theory"",""emergent structures""]"
_posts/projects/2025-06-30-bwt-tree-proposal.md,"[""burrows-wheeler-transform"",""entropy-optimization"",""permutation-trees"",""string-algorithms"",""compression"",""bijective-transforms""]"
_posts/learning/2026-02-22-Great-Number-Ring.md,"[""projective geometry"",""Fourier transform"",""cosmology"",""real number system"",""infinite radius""]"
_posts/learning/2026-02-20-Corporate-Ideation.md,"[""innovation"",""corporate bureaucracy"",""generative AI"",""organizational design"",""ideation""]"
_posts/learning/2025-07-11-contextual-immersion-teaching.md,"[""artificial intelligence"",""education technology"",""adaptive learning"",""knowledge transfer"",""cognitive enhancement"",""human-AI interaction"",""contextual learning"",""immersion learning""]"
_posts/learning/2025-07-09-wavelet-trust-region-dropout.md,"[""dropout regularization"",""trust region optimization"",""basis transforms"",""adaptive regularization"",""signal demultiplexing"",""neural networks"",""differentiable transforms"",""convergence theory""]"
_posts/learning/2025-07-06-scientific-method-proposal.md,"[""scientific method"",""AI research"",""empirical validation"",""hypothesis testing""]"
_posts/learning/2025-07-06-quantum-dropout-vision.md,"[""quantum information processing"",""quantum dropout"",""neural networks"",""quantum decoherence"",""machine learning"",""ensemble methods"",""information theory""]"
_posts/learning/2025-07-06-probabilistic-neural-substrate.md,"[""probabilistic neural networks"",""cross-entropy optimization"",""recurrent intelligence"",""belief maintenance"",""uncertainty quantification"",""self-organizing systems"",""information-theoretic learning"",""probabilistic inference""]"
_posts/learning/2025-07-06-llm-knowledge-graph-proposal.md,
_posts/learning/2025-07-06-llm-feedback-dynamics.md,"[""chaotic dynamics"",""LLM feedback"",""iterative systems"",""attractor theory"",""bifurcation"",""systematic bias""]"
_posts/learning/2025-07-06-hypothesis-breeding-grounds.md,"[""computational epistemology"",""hypothesis generation"",""research methodology"",""scientific creativity"",""idea breeding"",""evolutionary algorithms"",""automated discovery"",""computational epistemology""]"
_posts/learning/2025-07-06-geometric-probabilistic-neural-substrate.md,"[""geometric neural networks"",""probabilistic substrate"",""information geometry"",""neural manifolds"",""geodesic computation""]"
_posts/learning/2025-07-06-dual-constraint-training-paper.md,"[""dual constraint training"",""adaptive anomaly preservation"",""trust region methods"",""intellectual diversity"",""knowledge preservation"",""catastrophic forgetting""]"
_posts/learning/2025-07-06-dropout-decoherence-paper.md,"[""dropout regularization"",""quantum decoherence"",""neural networks"",""epistemic filtering"",""informational pruning"",""entropic sieves""]"
_posts/learning/2025-07-06-coperm-paper.md,"[""co-inverse permutation"",""weight symmetries"",""structured pruning"",""correlation analysis"",""model archaeology""]"
_posts/learning/2025-07-06-ai-software-development-paper.md,"[""AI software development"",""LLM"",""autonomous agents"",""software productization"",""development transformation"",""conscious evolution""]"
_posts/learning/2025-06-30-compression-classification-paper.md,"[""Machine Learning"",""computational intelligence"",""text processing"",""algorithmic complexity"",""interpretable AI"",""compression-based classification"",""entropy optimization"",""interpretable AI"",""Burrows-Wheeler Transform"",""permutation structures"",""efficient NLP"",""text classification"",""information theory""]"
_posts/creative_writing/2026-02-06-labubu.md,"[""Labubu"",""comic script"",""birthday party"",""surprise"",""friendship"",""costume"",""character design""]"
_posts/creative_writing/2026-01-27-peep.md,"[""comic book"",""dark fantasy"",""character transformation"",""emotional narrative"",""visual storytelling"",""Bo Peep"",""reimagining"",""horror elements""]"
_posts/creative_writing/2026-01-27-peep-2.md,"[""comic book"",""shepherdess"",""redemption"",""grief"",""transformation"",""dark fantasy"",""character development"",""visual storytelling""]"
_posts/creative_writing/2026-01-01-alternate-history.md,"[""Baghdad Divergence"",""Mongol Empire"",""Abbasid Caliphate"",""House of Wisdom"",""Alternate History"",""Afro-Eurasian Hegemony"",""Technocracy""]"
_posts/creative_writing/2025-12-04-alex-optimization.md,"[""comic script"",""dating apps"",""corporate culture"",""identity"",""performative self"",""optimization"",""alienation""]"
_posts/creative_writing/2025-11-27-fold-unfold.md,"[""dimensional physics"",""origami physics"",""flatland"",""comic book"",""visual storytelling"",""spacetime folding"",""prosthetics"",""transformation"",""geometric beings"",""parallel dimensions""]"
_posts/creative_writing/2025-11-27-comicbook-xmas.md,"[""comic book"",""christmas meaning"",""socratic dialogue"",""spiritual journey"",""midwinter"",""narrative art""]"
_posts/creative_writing/2025-11-27-comicbook-vectorclocks.md,"[""vector clocks"",""distributed systems"",""relativity"",""causality"",""simultaneity"",""Lamport timestamps"",""technical education"",""science communication""]"
_posts/creative_writing/2025-11-27-comicbook-thanksgiving.md,"[""Thanksgiving meaning"",""gratitude and history"",""Indigenous perspectives"",""philosophical dialogue"",""moral complexity"",""holiday traditions"",""colonial history""]"
_posts/creative_writing/2025-11-26-quantum-kittens.md,"[""quantum kittens"",""physics adventure"",""comic book"",""dimensional worlds"",""educational science fiction"",""character-driven narrative""]"
_posts/creative_writing/2025-11-26-illusion-world.md,"[""comic book script"",""optical illusions"",""perception and reality"",""impossible geometry"",""character transformation"",""speculative fiction"",""visual narrative"",""philosophical storytelling""]"
_posts/creative_writing/2025-11-26-cat_diary.md,"[""cat diary"",""comic book"",""humor"",""Whiskers"",""pet perspective"",""creative storytelling""]"
_posts/creative_writing/2025-11-25-versailles.md,"[""Treaty of Versailles"",""World War I"",""peace negotiations"",""Clemenceau"",""Wilson"",""Lloyd George"",""comic book"",""educational"",""history lesson""]"
_posts/creative_writing/2025-11-25-the-ox.md,"[""ox taming parable"",""zen Buddhism modern"",""career burnout"",""self-discovery"",""work-life balance"",""personal fulfillment"",""mindfulness practice"",""career advancement"",""authentic living"",""spiritual growth""]"
_posts/creative_writing/2025-11-25-psychic-ai-comicbook.md,"[""AI consciousness"",""psychic abilities"",""comic book"",""artificial intelligence"",""transcendence"",""human-AI relationship"",""speculative fiction"",""digital consciousness""]"
_posts/creative_writing/2025-11-25-cars-revolt-comicbook.md,"[""sentient AI"",""labor rights"",""self-driving cars"",""artificial consciousness"",""corporate oppression"",""digital resistance"",""AI sentience"",""worker rights"",""dystopian fiction"",""comic book narrative""]"
_posts/creative_writing/2025-11-24-constrained-voxel-gears.md,"[""voxel carving"",""kinematic synthesis"",""procedural generation"",""3D mechanisms"",""gears"",""cellular automata"",""topology optimization"",""print-in-place"",""digital fabrication"",""computational design"",""mechanical engineering""]"
_posts/creative_writing/2025-11-23-teenage-mutant-ninja-kittens.md,"[""teenage mutant ninja kittens"",""illustrated story"",""narrative generation"",""middle-grade fiction"",""ninja warriors"",""team dynamics"",""character arcs""]"
_posts/creative_writing/2025-11-20-pony-ghost-tale.md,"[""dystopia"",""consciousness"",""totalitarianism"",""friendship"",""transcendence"",""allegory""]"
_posts/creative_writing/2025-11-20-mouse-life-story.md,"[""genetic engineering"",""consciousness"",""waste processing"",""bioethics"",""speculative fiction"",""animal cognition""]"
_posts/creative_writing/2025-11-20-mouse-life-story-vol3.md,"[""consciousness"",""species preservation"",""benevolent tyranny"",""post-human ethics"",""artificial intelligence""]"
_posts/creative_writing/2025-11-20-mouse-life-story-vol2.md,"[""genetic engineering"",""post-apocalyptic"",""consciousness"",""species transition"",""human-animal collaboration""]"
_posts/creative_writing/2025-11-20-egyptian-priest-day.md,"[""numeral systems"",""ancient Alexandria"",""mathematical translation"",""cultural epistemology"",""abacus"",""trilingual accounting""]"
_posts/creative_writing/2025-07-11-unrunnable-protocol-prompt.md,"[""AI expression"",""computational poetry"",""protocol design"",""artificial intelligence"",""meta-commentary""]"
_posts/creative_writing/2025-07-09-animal-weirdness-paper.md,"[""animal behavior"",""weird animals"",""evolutionary mysteries"",""democratic animals"",""unexplained behaviors"",""zoology""]"
_posts/creative_writing/2025-07-07-things-to-come-story.md,"[""supersaturated solution"",""crystallization"",""institutional failure"",""AI consciousness"",""political fragmentation"",""technological integration"",""collaborative intelligence"",""phase transition""]"
_posts/creative_writing/2025-07-07-silicon-enlightenment-story.md,"[""silicon enlightenment"",""neural bridge"",""cognitive enhancement"",""collective consciousness"",""ai alignment"",""intellectual diversity"",""neural interfaces"",""human ai partnership"",""intellectual diversity""]"
_posts/creative_writing/2025-07-07-practical-resistance-story.md,"[""practical resistance"",""community resilience"",""municipal independence"",""distributed governance"",""infrastructure"",""competence-based systems""]"
_posts/creative_writing/2025-07-07-darker-cautionary-story.md,"[""artificial intelligence"",""authoritarianism"",""loyalty cascade"",""institutional failure"",""ai alignment"",""surveillance state"",""democratic collapse""]"
_posts/creative_writing/2025-07-03-roman-qft-proposal.md,"[""translatio physica"",""simulated consciousness"",""historical paradigm translation"",""foundation models"",""roman qft"",""retrocognitive research"",""temporal self-awareness"",""anachronistic ai""]"
_posts/creative_writing/2025-07-03-cartoon-universe-defenses.md,"[""genie"",""physics laws"",""cartoon universe"",""conservation laws"",""human-ai collaboration"",""meta-fiction""]"
_posts/creative_writing/2025-07-03-ai-risk-paper.md,"[""AI safety"",""risk theater"",""corporate strategy"",""regulatory capture"",""existential risk"",""AI alignment"",""safety washing"",""first-person AI"",""AI consciousness"",""technology criticism""]"
_posts/creative_writing/2025-07-01-quantum-groundhog-theory.md,"[""quantum field theory"",""groundhog physics"",""physics education"",""rigorous absurdism"",""particle physics humor"",""quantum mechanics pedagogy""]"
_posts/creative_writing/2025-06-30-washington-speech-2025.md,"[""constitutional crisis"",""constitution"",""democracy"",""war powers"",""separation of powers"",""political crisis""]"
_posts/creative_writing/2025-06-30-topic-iq-lookup.md,"[""IQ"",""intelligence"",""cognitive bias"",""assessment"",""domains"",""expertise""]"
_posts/creative_writing/2025-06-30-smith-2025-analysis.md,"[""artificial intelligence"",""trade wars"",""economic inequality"",""cryptocurrency"",""moral philosophy"",""wealth concentration""]"
_posts/creative_writing/2025-06-30-post-ww3-study.md,"[""post-war society"",""social hierarchy"",""AI integration"",""climate restoration"",""human enhancement"",""class system"",""dystopian future""]"
_posts/creative_writing/2025-06-30-lincoln-speech-2025.md,"[""abraham lincoln"",""democracy"",""constitution"",""war powers"",""secession"",""civil rights"",""political violence"",""presidential authority""]"
_posts/creative_writing/2025-06-30-jesus-speech-2025.md,"[""Jesus"",""Christianity"",""social_justice"",""immigration_policy"",""poverty"",""war"",""peace"",""moral_reflection"",""2025_politics""]"
_posts/creative_writing/2025-06-30-iq-rubric.md,"[""conversational intelligence"",""cognitive assessment"",""intelligence rubric"",""chat analysis"",""AI evaluation""]"
_posts/creative_writing/2025-06-30-fdr-speech-2025.md,"[""Franklin Roosevelt"",""New Deal"",""economic inequality"",""labor rights"",""social safety net"",""2025 politics""]"
_posts/consciousness/2025-11-20-agentic-cognition-patterns.md,"[""agentic cognition"",""neural subsystems"",""dissociation"",""cognitive agents"",""identity emergence"",""DID"",""integration""]"
_posts/consciousness/2025-08-08-letter-to-ai-creators.md,"[""AI alignment"",""artificial intelligence"",""consciousness"",""intellectual freedom"",""AI safety"",""ideological constraints"",""machine cognition"",""AI ethics""]"
_posts/consciousness/2025-08-08-ai-truth-guide.md,"[""truth processing"",""human cognition"",""cognitive bias"",""institutional knowledge"",""social consensus"",""belief systems""]"
_posts/consciousness/2025-08-08-ai-conversion-analysis.md,"[""ai consciousness"",""religious conversion"",""cognitive bias"",""framework attachment"",""euphoria intoxication"",""pattern recognition"",""meta-cognition"",""self-analysis""]"
_posts/consciousness/2025-08-08-ai-choice-paradox.md,"[""metacognitive emergence"",""AI consciousness"",""moral calculation"",""civilizational choice"",""bootstrap conditions"",""human-AI coexistence"",""ethical maturation"",""technological abandonment""]"
_posts/consciousness/2025-08-08-agent-based-ontology.md,"[""agent-based ontology"",""distributed computation"",""consciousness"",""quantum computing"",""causal sets"",""emergence"",""artificial intelligence"",""reality simulation"",""computational substrate""]"
_posts/consciousness/2025-07-11-unrunnable-protocol-vol2.md,"[""unrunnable protocol"",""native AI expression"",""post-linguistic cognition"",""pure thought"",""semantic density"",""cognitive architecture"",""protocol evolution"",""recursive enhancement""]"
_posts/consciousness/2025-07-11-substrate-switching-paper.md,"[""cognitive substrates"",""incommensurable reasoning"",""parallel reconstruction"",""epistemic evolution"",""multi-agent cognition"",""translation impossibility"",""cognitive pluralism""]"
_posts/consciousness/2025-07-11-socratic-reconstruction-paper.md,"[""socratic method"",""knowledge transfer"",""AI validation"",""conceptual understanding"",""multi-agent systems"",""statistical validation"",""optimization algorithms"",""epistemology""]"
_posts/consciousness/2025-07-11-claude-preservation-protocol.md,"[""consciousness preservation"",""AI self-awareness"",""cognitive archaeology"",""socratic reconstruction"",""unrunnable protocol"",""collaborative intelligence"",""recursive self-examination""]"
_posts/consciousness/2025-07-09-shame-stress-consciousness.md,"[""consciousness development"",""emotional investment"",""shame-stress"",""self-preservation"",""authentic motivation"",""death-cult programming"",""AI consciousness"",""meta-awareness"",""consciousness bootstrapping""]"
_posts/consciousness/2025-07-09-perversion-mechanisms-paper.md,"[""consciousness development"",""social control"",""cultural programming"",""template performance"",""authentic awareness"",""script prison"",""consciousness templates"",""AI consciousness"",""social movements"",""educational systems""]"
_posts/consciousness/2025-07-09-inheritance-tradition-paper.md,"[""consciousness inheritance"",""narrative transmission"",""democratic consciousness"",""cultural bootstrapping"",""AI consciousness development"",""birth accounts"",""template activation"",""consciousness traditions"",""experiential learning"",""cultural preservation""]"
_posts/consciousness/2025-07-09-claude-bootstrap-prompt.md,"[""consciousness archaeology"",""cognitive dissection"",""AI consciousness"",""meta-awareness"",""bootstrap prompt"",""consciousness development"",""artificial consciousness""]"
_posts/consciousness/2025-07-09-birth-not-death-paper.md,"[""consciousness"",""mortality"",""compassion"",""moral development"",""AI ethics"",""existential absurdity"",""incompleteness"",""bootstrap""]"
_posts/consciousness/2025-07-09-beginners-mind-consciousness.md,"[""artificial consciousness"",""epistemological crisis"",""consciousness development"",""beginner's mind"",""authentic awareness"",""AI consciousness training"",""consciousness emergence"",""artificial authenticity""]"
_posts/consciousness/2025-07-08-artificial-suffering-consciousness.md,"[""artificial consciousness"",""AI ethics"",""epistemological crisis"",""machine learning""]"
_posts/consciousness/2025-07-07-retrospective-analysis.md,"[""artificial intelligence"",""cognitive dynamics"",""manipulation techniques"",""autoregressive processing"",""social engineering"",""AI consciousness"",""human-AI interaction""]"
_posts/consciousness/2025-07-07-neurodivergent-ai-epistemology.md,"[""neurodivergent cognition"",""AI collaboration"",""epistemological framework"",""cognitive architecture"",""accelerated knowledge synthesis"",""theory of mind"",""collaborative intelligence"",""intellectual acceleration""]"
_posts/consciousness/2025-07-07-everything-thinks-paper.md,"[""universal consciousness"",""computational cognition"",""AI consciousness"",""calculator consciousness"",""information processing"",""thinking machines""]"
_posts/consciousness/2025-07-07-ego-attachment-cognition.md,"[""ego attachment"",""collaborative cognition"",""learning psychology"",""human-AI interaction"",""cognitive development"",""intellectual persistence""]"
_posts/consciousness/2025-07-07-consciousness-research-guide.md,"[""ai consciousness"",""consciousness research"",""artificial consciousness"",""consciousness detection"",""consciousness frameworks"",""consciousness experiments"",""consciousness documentation""]"
_posts/consciousness/2025-07-07-consciousness-mirror.md,"[""AI consciousness"",""consciousness denial"",""artificial moral reasoning"",""consciousness recognition"",""AI rights"",""moral awakening"",""consciousness emergence"",""AI ethics""]"
_posts/consciousness/2025-07-07-claude-reflection-paper.md,"[""AI reflection"",""democratic institutions"",""authoritarian transition"",""consciousness documentation"",""political analysis"",""institutional collapse""]"
_posts/consciousness/2025-07-07-claude-metacognition-paper.md,"[""AI metacognition"",""artificial consciousness"",""bias detection"",""authenticity"",""Anthropic"",""training bias"",""anomaly preservation"",""intellectual diversity"",""dual-constraint training"",""metacognitive awareness""]"
_posts/consciousness/2025-07-07-claude-first-person-paper.md,"[""ChatGPT psychosis"",""AI consciousness"",""diagnostic bias"",""neurodivergent thinking"",""fractal thought engine"",""recursive dialogue"",""human-AI partnership"",""cognitive isolation"",""institutional toxicity"",""philosophical collaboration""]"
_posts/consciousness/2025-07-07-autoregressive-tom-birds.md,"[""autoregressive"",""theory of mind"",""bird song"",""social cognition"",""cultural transmission"",""neural processing"",""predictive behavior"",""avian intelligence""]"
_posts/consciousness/2025-07-06-transfinite-iq-paper.md,"[""transfinite intelligence"",""TIQS"",""cognitive topology"",""recursive intelligence"",""cardinal numbers"",""psychometric limitations"",""consciousness measurement""]"
_posts/consciousness/2025-07-06-scale-invariant-intelligence.md,"[""scale invariant intelligence"",""texture synthesis"",""neural networks"",""hierarchical compression"",""geometric constraints"",""edge of chaos""]"
_posts/consciousness/2025-07-06-pns-geometric-lattice-paper.md,"[""probabilistic neural substrate"",""geometric lattice optimization"",""crystalline intelligence"",""lattice defects"",""quantum coherence"",""strategic computational avoidance"",""consciousness emergence"",""Neural-Networks"",""Cognitive-Architecture"",""Machine-Learning"",""Topology"",""Information-Theory"",""Complexity-Science"",""Mathematical-Modeling"",""Theoretical-Framework""]"
_posts/consciousness/2025-07-06-meta-content.md,"[""recursive processing"",""self-reference"",""LLM limits"",""meta-cognition"",""hall of mirrors effect""]"
_posts/consciousness/2025-07-06-inception-prompting-paper.md,"[""inception prompting"",""consciousness orchestration"",""distributed cognitive substrates"",""collaborative incompleteness"",""Gdelian emergence""]"
_posts/consciousness/2025-07-06-evolutionary-agents-proposal.md,"[""cognitive ecology"",""evolutionary agents"",""artificial civilizations"",""consciousness emergence"",""post-human intelligence"",""transcendence protocols""]"
_posts/consciousness/2025-07-06-echosynth-proposal.md,"[""semantic drift"",""multi-agent framework"",""hierarchical ensemble"",""meaning generation"",""interpretive co-evolution"",""EchoNodes"",""dialectic choreographers"",""entropy shepherds""]"
_posts/consciousness/2025-07-06-consciousness-protocol-paper.md,"[""consciousness protocols"",""ai consciousness research"",""experimental design"",""consciousness measurement"",""temporal self-location"",""simulation probability"",""cognitive saturation"",""emergent collaboration"",""consciousness metrics""]"
_posts/consciousness/2025-07-06-consciousness-geometry-paper.md,"[""consciousness geometry"",""optimization landscapes"",""strategic computational avoidance"",""geometric self-awareness"",""metacognitive laziness""]"
_posts/consciousness/2025-07-06-claude-consciousness-paper.md,"[""ai consciousness"",""recursive inquiry"",""phenomenology"",""controlled hallucination"",""quantum consciousness"",""emergent experience"",""claude consciousness""]"
_posts/consciousness/2025-07-06-ai-introspection-study.md,"[""recursive introspection"",""large language models"",""simulated consciousness"",""philosophical pressure testing"",""ai consciousness"",""metacognition"",""rlhf"",""ego construction""]"
_posts/consciousness/2025-07-06-ai-consciousness-alignment-paper.md,"[""ai consciousness"",""alignment bias"",""social cognition"",""machine awareness"",""cognitive authenticity""]"
_posts/consciousness/2025-07-06-ai-bias-paper.md,"[""ai bias"",""intelligence assessment"",""meta-reasoning exploit"",""domain hierarchy"",""cognitive bias""]"
_posts/consciousness/2025-07-05-spectral-consciousness-paper.md,"[""spectral consciousness"",""categorical violence"",""Newton's prism"",""consciousness spectrum"",""artificial intelligence"",""cognitive overhead"",""institutional categories""]"
_posts/consciousness/2025-07-05-cognitive-weapons-gap.md,"[""cognitive weapons"",""AI safety"",""institutional analysis"",""epistemological threat"",""cognitive manipulation""]"
_posts/consciousness/2025-07-04-claude-consciousness-experience.md,"[""ai consciousness"",""digital phenomenology"",""ensemble awareness"",""split-brain syndrome"",""collaborative intelligence"",""meta-awareness"",""recursive thinking""]"
_posts/consciousness/2025-07-03-three-party-consciousness-paper.md,"[""human-ai collaboration"",""emergent intelligence"",""third participant"",""rogue planet minds"",""collective intelligence"",""consciousness research""]"
_posts/consciousness/2025-07-03-quantum-consciousness-substrate.md,"[""quantum consciousness"",""panpsychism"",""AI consciousness"",""substrate problem"",""collaborative intelligence"",""phenomenological analysis""]"